全国地方公共団体コード,ID,地方公共団体名,名称,名称_カナ,名称_英字,名称_通称,POIコード,外部識別子,外部識別子の値,所在地_全国地方公共団体コード,町字ID,所在地_連結表記,所在地_都道府県,所在地_市区町村,所在地_町字,所在地_番地以下,建物名等(方書),緯度,経度,高度の種別,高度の値,電話番号,内線番号,連絡先メールアドレス,連絡先FormURL,連絡先備考（その他、SNSなど）,郵便番号,法人番号,団体名,利用可能曜日,開始時間,終了時間,利用可能時間特記事項,説明,車椅子可,車椅子貸出,ツエ貸出,バリアフリートイレ,スロープ、エレベータ、エスカレータ,点字ブロック等の移動支援,点字や読上による支援,盲導犬・介助犬、聴導犬同伴,字幕,筆談対応,優先駐車場,オストメイト対応トイレ,授乳室,おむつ替えコーナー,飲食可否,ベビーカー貸出,ベビーカー利用,URL,画像,画像_ライセンス,備考
170003,AA0000000001,石川県,石川県湖南運動公園,イシカワケンコナンウンドウコウエン,Ishikawa Prefecture Konan Sports Park,湖南公園,1106,,,172014,,石川県金沢市八田町西1番地,石川県,金沢市,八田町西,1,湖南運動公園,36.63250184,136.6752206,,,(076)268-6222,,,,,,5220005000175,一般財団法人石川県県民ふれあい公社,月火水木金土日,5:00,21:00,12/29~1/3利用不可、サッカー場12/1〜4/30まで利用不可,野球場3面、サッカー場、アーチェリー場設置,可,無,無,無,無,無,無,無,無,無,無,無,無,無,可,無,無,https://www.pref.ishikawa.lg.jp/tikusan/konan/konan.html,https://www.pref.ishikawa.lg.jp/johosei/publicfacility_picture.html,CC BY 4.0,
170003,AA0000000002,石川県,海洋漁業科学館,カイヨウギョギョウカガクカン,Science Museum of Oceangraphy and Fisheries,うみとさかなの科学館,0801,,,174637,,石川県鳳珠郡能登町字宇出津新港3-7,石川県,鳳珠郡能登町,字宇出津新港,3-7,,37.296846,137.148575,,,(0768)62-4655,,,,,,2000020170003,石川県,火水木金土日,9:30,16:30,入館は16時まで。休館日は毎週月曜日（祝日は開館）および12月29日〜1月3日。,海と魚の知識や、石川県の水産業の現況を紹介する施設,可,有,無,有,有,有,無,有,無,無,有,無,無,有,否,無,有,https://www.pref.ishikawa.lg.jp/suisan/center/kagakukan/toppage.html,https://www.pref.ishikawa.lg.jp/johosei/publicfacility_picture.html,CC BY 4.0,入館無料。点字ブロックは一部有。
170003,AA0000000003,石川県,石川県安全運転研修所,イシカワケンアンゼンウンテンケンシュウショ,Ishikawa Safe Driving Center,-,1399,,,170003,,石川県金沢市東蚊爪町2丁目1番地,石川県,金沢市,東蚊爪町2丁目,1番地,,36.63674,136.65978,,,(076)237-2735,,,,,,8220005000180,一般財団法人石川県交通安全協会,月火木金土日,9:00,17:00,水曜日、祝日、年末年始（12/29〜1/3）は利用不可,実車による３つの研修コースで安全運転の基本を学ぶ,可,無,無,有,有,無,無,無,無,無,有,無,無,無,可,無,無,https://www.i-ankyo.jp/training/,https://www.pref.ishikawa.lg.jp/johosei/publicfacility_picture.html,CC BY 4.0,
170003,AA0000000004,石川県, 能登空港,ノトクウコウ,NOTOAIRPORT,のと里山空港,3801,,,172049,,石川県輪島市三井町洲衛１０部１１番地１,石川県,輪島市,三井町洲衛,10部11番地1,,37.29436,136.95764,,,(0768)26-2100,,,,,,-,能登空港管理事務所,月火水木金土日,8:30,17:30,年中無休,空港施設,可,有,無,有,有,有,有,有,有,有,有,有,有,有,可,有,有,https://www.noto-airport.jp/,https://www.pref.ishikawa.lg.jp/johosei/publicfacility_picture.html,CC BY 4.0,
170003,AA0000000005,石川県,石川県女性センター,イシカワケンジョセイセンター,Ishikawa prefectural center for women,女性センター,1399,,,170003,,石川県金沢市三社町１−４４,石川県,金沢市,三社町,1-44,,36.5709808,136.6457627,,,(076)263-0115,,,,,,8220005000189,一般財団法人石川県女性センター,月火水木金土日,9:00,21:00,年末年始（12/29〜1/3）は休館,女性の地位向上と社会参加の促進に資することを目的とした施設,可,無,無,有,有,有,有,有,-,有,有,有,有,有,可,無,有,https://www.pref.ishikawa.lg.jp/jyoseicenter/index.html,https://www.pref.ishikawa.lg.jp/johosei/publicfacility_picture.html,CC BY 4.0,
170003,AA0000000006,石川県,石川県立美術館,イシカワケンリツビジュツカン,Ishikawa Prefectural Museum of Art,,0802,,,172014,,石川県金沢市出羽町2-1,石川県,金沢市,出羽町,2-1,,36.56058,136.66145,,,(076)231-7580,,,,,,2000020170003,石川県,月火水木金土日,9:30,18:00,展示替え期間中と年末年始は利用不可,美術館,可,有,無,有,有,有,有,有,無,有,有,無,無,無,可,有,有,https://www.ishibi.pref.ishikawa.jp/,https://www.pref.ishikawa.lg.jp/johosei/publicfacility_picture.html,CC BY 4.0,
170003,AA0000000007,石川県,石川県立歴史博物館,イシカワケンリツレキシハクブツカン,Ishikawa Prefectural Museum of History,,0801,,,172014,,石川県金沢市出羽町3-1,石川県,金沢市,出羽町,3-1,,36.5588,136.66277,,,(076)262-3236,,,,,,2000020170003,石川県,月火水木金土日,9:00,17:00,当館の休館日は利用不可,石川県の歴史を紹介,可,有,有,有,有,有,無,有,無,無,有,有,有,有,否,無,有,https://ishikawa-rekihaku.jp/,https://www.pref.ishikawa.lg.jp/johosei/publicfacility_picture.html,CC BY 4.0,
170003,AA0000000008,石川県,石川県立図書館,イシカワケンリツトショカン,Ishikawa Prefectural Library,百万石ビブリオバウム,1512,,,172014,,石川県金沢市小立野2丁目43-1,石川県,金沢市,小立野2丁目,43-1,,36.54913,136.67993,,,(076)223-9565,,,,,,2000020170003,石川県,火水木金土日,9:00,21:00,【閲覧エリア】平日/09:00〜19:00、土日祝日/09:00〜18:00;【文化交流エリア】平日/09:00〜21:00、土日祝日/09:00〜18:00;【休館日】月曜日（祝日の場合は翌平日）、年末年始、特別整理期間,図書館、研修室等の有料貸スペース有り,可,有,無,有,有,有,有,有,有,有,有,有,有,有,可,有,有,https://www.library.pref.ishikawa.lg.jp/,https://www.pref.ishikawa.lg.jp/johosei/publicfacility_picture.html,CC BY 4.0,
170003,AA0000000009,石川県,石川県立白山ろく民俗資料館,イシカワケンリツハクサンロクミンゾクシリョウカン,"Hakusan folk museum,Ishikawa prefecture",資料館（白峰地区限定）,0803,,,172103,,石川県白山市白峰リ30,石川県,白山市,白峰,リ30,,36.18023,136.62222,,,(076)259-2665,,,,,,2000020170003,石川県,月火水金土日,9:00,16:30,木曜日は休館日（木曜日が祝日の場合はその翌日）,白山ろくの自然環境の中で生み出された歴史、考古、民俗、信仰などの文化遺産の収集と展示を目的としています。,可,有,無,無,有,有,無,有,無,無,有,無,無,無,可,無,有,http://www.pref.ishikawa.jp/hakusanminzoku/,,,
170003,AA0000000010,石川県,石川県立能楽堂,イシカワケンリツノウガクドウ,Ishikawa Prefectural Noh Theater,,1015,,,172014,,石川県金沢市石引4丁目18-3,石川県,金沢市,石引4丁目,18-3,,36.55973,136.66327,,,(076)264-2598,,,,,,2000020170003,石川県,火水木金土日,9:00,22:00,見学は午後5時まで（入館は午後4時30分まで）;毎週月曜日、国民の祝日（ただし、文化の日を除く） 年末年始（12月29日から1月3日）は利用不可,全国初の独立した公立能楽堂として昭和47年開館,可,有,無,有,有,無,無,有,無,無,有,無,無,無,否,無,無,https://noh-theater.jp/,https://www.pref.ishikawa.lg.jp/johosei/publicfacility_picture.html,CC BY 4.0,
170003,AA0000000011,石川県,石川四高記念文化交流館,イシカワシコウキネンブンカコウリュウカン,"The fourth high school memorial museum of cultural exchange,Ishikawa",,0803,,,172014,,石川県金沢市広坂2丁目2-5,石川県,金沢市,広坂2丁目,2-5,,36.56268,136.6558,,,(076)262-5464,,,,,,2000020170003,石川県,月火水木金土日,9:00,21:00,年末年始・展示替期間は利用不可,旧制四高に関する展示と石川近代文学館による展示および多目的利用室の貸出,可,有,無,有,有,無,無,有,無,有,無,無,無,無,否,無,有,https://www.pref.ishikawa.jp/shiko-kinbun/,https://www.pref.ishikawa.lg.jp/johosei/publicfacility_picture.html,CC BY 4.0,
170003,AA0000000012,石川県,石川県政記念しいのき迎賓館,イシカワケンセイキネンシイノキゲイヒンカン,"Shiinoki cultural complex,Ishikawa prefecture",,0610,,,172014,,石川県金沢市広坂2丁目1-1,石川県,金沢市,広坂2丁目,1-1,,36.56262,136.65781,,,(076)261-1111,,,,,,9030001134091,KCSコンソーシアム,月火水木金土日,9:00,22:00,12/29から1/3は利用不可,兼六園周辺の総合案内やギャラリー、レストラン、会議室等あり,可,有,無,有,有,有,有,有,無,有,有,有,有,有,可,有,有,https://www.shiinoki-geihinkan.jp/,https://www.pref.ishikawa.lg.jp/johosei/publicfacility_picture.html,CC BY 4.0,
170003,AA0000000013,石川県,石川県立音楽堂,イシカワケンリツオンガクドウ,Ishikawa Prefectural Music Hall,,1016,,,172014,,金沢市昭和町20-1,石川県,金沢市,昭和町,20-1,,36.57687,136.64743,,,(076)232-8111,,,,,,9220005000163,公益財団法人石川県音楽文化振興事業団,月火水木金土日,9:00,22:00,休館日：12月29日?1月3日、他に1カ月に1回程度月曜日,クラシックホール、邦楽ホールと多目的ホールの3つの舞台を擁する施設,可,有,無,有,有,有,有,有,有,有,有,有,有,有,可,無,有,https://ongakudo.jp/,https://www.pref.ishikawa.lg.jp/johosei/publicfacility_picture.html,CC BY 4.0,
170003,AA0000000014,石川県,卯辰山相撲場,ウタツヤマスモウジョウ,Utatsuyamasumojyou,,1118,,,172014,,石川県金沢市末広町,石川県,金沢市,末広町,,,36.56871,136.68313,,,(076)251-5721,,,,,,9220005000196,石川県スポーツ協会グループ,月火水木金土日,8:00,21:00,休館日 年末年始（12/29〜1/3) 毎月７日の「健康の日」および「スポーツの日」は個人利用に限り無料,本土俵（一面）練習土俵（二面）,可,無,無,有,スロープ有、エレベータ無、エスカレータ無,有,有,有,有,無,有,無,無,無,可,無,有,http://www.ishikawa-spc.jp/budokan,https://www.pref.ishikawa.lg.jp/johosei/publicfacility_picture.html,CC BY 4.0,
170003,AA0000000015,石川県,武道館,ブドウカン,Budoukan,,1113,,,172014,,石川県金沢市小坂町西8番地3,石川県,金沢市,小坂町西,8番地3,,36.58987,136.67374,,,(076)251-5721,,,,,,9220005000196,石川県スポーツ協会グループ,月火水木金土日,8:00,21:00,休館日 年末年始(12/29〜1/3)「スポーツの日」「いしかわ県民スポーツの日（４月第４日曜日）」「健康の日（毎月７日）」,柔道場、剣道場、弓道場、会議室、研修室、浴室、土俵、多目的室有り,可,有,無,無,スロープ有、エレベータ無、エスカレータ無,無,無,無,有,有,有,無,有,有,可,無,有,http://www.ishikawa-spc.jp/budokan,https://www.pref.ishikawa.lg.jp/johosei/publicfacility_picture.html,CC BY 4.0,
170003,AA0000000016,石川県,兼六園弓道場,ケンロクエンキュウドウジョウ,Kenrokuengardenkyudoujyou,,1120,,,172014,,石川県金沢市石引4-18-1(石川護国神社内),石川県,金沢市,石引,4-18-1,石川護国神社内,36.55908,136.66427,,,(076)251-5721,,,,,,9220005000196,石川県スポーツ協会グループ,月火水木金土日,8:00,21:00,休館日 年末年始(12/29〜1/3)「スポーツの日」「いしかわ県民スポーツの日（４月第４日曜日）」「健康の日（毎月７日）」,弓道場,可,無,無,無,無,無,無,無,有,有,無,無,無,無,可,無,有,http://www.ishikawa-spc.jp/budokan,https://www.pref.ishikawa.lg.jp/johosei/publicfacility_picture.html,CC BY 4.0,
170003,AA0000000017,石川県,西部緑地公園テニスコート,セイブリョクチコウエンテニスコート,Seiburyokuchikouentenniscourt,,1116,,,172014,,石川県金沢市北塚町東196-1,石川県,金沢市,北塚町東,196-1,,36.57078,136.60021,,,(076)249-0999,,,,,,2010001016827,三幸株式会社,月火水木金土日,4/1〜10/31  6:00   11/1〜3/31 8:30,日没まで,,,可,有,無,有,無,無,無,無,無,無,有,無,無,無,否,無,無,https://www.tennisishikawa.jp/,https://www.pref.ishikawa.lg.jp/johosei/publicfacility_picture.html,CC BY 4.0,
170003,AA0000000018,石川県,いしかわ総合スポーツセンター,イシカワソウゴウスポーツセンター,Ishikawasportscenter,スポセン,1106,,,172014,,石川県金沢市稚日野町北222番地,石川県,金沢市,稚日野町北,222,,36.5795,136.59831,,,(076)268-2222,,,,,,9220005000196,石川県スポーツ協会グループ,月火水木金土日,9:00,22:00,休館日 （12/29〜1/3）毎月７日の「健康の日」・「スポーツの日」・「いしかわ県民スポーツの日」は個人利用に限り無料 心身障害者の個人利用は無料,アリーナ、マルチパーパスルーム、トレーニングルーム、プール有り,可,有,無,有,有,有,無,有,無,有,有,有,有,有,可,無,有,http://ishikawa-spc.jp,https://www.pref.ishikawa.lg.jp/johosei/publicfacility_picture.html,CC BY 4.0,
170003,AA0000000019,石川県,サッカー・ラグビー競技場,サッカー・ラグビーキョウギジョウ,soccer・rugbystadium,,1104,,,172111,,石川県能美市山口町ト103,石川県,能美市,山口町ト,103,,36.43278,136.4326,,,(0761)21-5354,,,,,,6000020172111,能美市,月火水木金土日,8:30,日没まで,休館日 年末年始（12/29〜1/3) 毎月７日の「健康の日」および「体育の日」は個人利用に限り無料,,否,無,無,無,無,無,無,無,無,無,有,無,無,無,可,無,無,https://www.pref.ishikawa.lg.jp/shisetsu/02/0310.html,https://www.pref.ishikawa.lg.jp/johosei/publicfacility_picture.html,CC BY 4.0,
170003,AA0000000020,石川県,野球場,ヤキュウジョウ,baseballPark,,1103,,,172014,,石川県金沢市北塚町東220,石川県,金沢市,北塚町東,220,,36.57467,136.60059,,,(076)268-4264,,,,,,5220005000175,一般財団法人石川県県民ふれあい公社,月火水木金土日,6:00,21:00,休館日 年末年始（12/29〜1/3),,可,有,無,有,無,無,無,有,無,無,無,有,無,無,可,無,有,https://ishikawa-odekake.jp/westpark/facilities/ballpark/,https://www.pref.ishikawa.lg.jp/johosei/publicfacility_picture.html,CC BY 4.0,
170003,AA0000000021,石川県,自転車競技場,ジテンシャキョウギジョウ,Bicyclestadium,,1199,,,173657,,石川県河北郡内灘町宮坂に460,石川県,河北郡内灘町,宮坂に,460,,36.66425,136.65113,,,(076)286-1533,,,,,,4220005006883,一般財団法人内灘町公共施設管理公社,月火水木金土日,8:30,18:30,休日 第１火曜日（祝日の場合は翌週）、年末年始,,否,無,無,無,無,無,無,無,無,無,無,無,無,無,否,無,無,https://nadasta.com/,https://www.pref.ishikawa.lg.jp/johosei/publicfacility_picture.html,CC BY 4.0,
170003,AA0000000022,石川県,西部緑地公園陸上競技場,セイブリョクチコウエンリクジョウキョウギジョウ,Seiburyokuchikouentrack and field,,1102,,,172014,,石川県金沢市袋畠町南136,石川県,金沢市,袋畠町南,136,,36.57601,136.60526,,,(076)267-2411,,,,,,5220005000175,一般財団法人石川県県民ふれあい公社,月火水木金土日,8:30,月・水・金 19:00 火・木・土・日 17:00,休館日 年末年始（12/29〜1/3) 月・水・金 受付〜18:00迄 火・木・土・日 受付〜17:00迄,競技大会等の貸切利用をしていない時間は個人利用可能 体力作りでも利用可能,可,有,無,有,有,無,無,有,無,無,無,無,無,無,可,無,有,https://ishikawa-odekake.jp/westpark/facilities/athletics/,https://www.pref.ishikawa.lg.jp/johosei/publicfacility_picture.html,CC BY 4.0,
170003,AA0000000023,石川県,滝港マリーナ,タキコウマリーナ,Takiko Marina,,1145,,,172073,,石川県羽咋市滝町レ部101,石川県,羽咋市,滝町レ部,101,,36.92235962,136.7571213,,,(0767)22-9099,,,,,,1220002015254,有限会社プロジェクトドゥ,月水木金土日,9:00,17:00,・火曜日が祝日の場合は営業（その場合、翌日が休業日となる）・12月29日〜1月3日は終日利用不可・6月〜9月の土日及び祝日は8時〜18時営業,・使用にあたっては、事前に申請が必要。,可,無,無,無,有,無,無,有,無,無,有,無,無,無,否,無,無,http://www.hakui.ne.jp/marina/,https://www.pref.ishikawa.lg.jp/johosei/publicfacility_picture.html,CC BY 4.0,
170003,AA0000000024,石川県,兼六園,ケンロクエン,Kenrokuen Garden,,1003,,,172014,,石川県金沢市兼六町1番4号,石川県,金沢市,兼六町,1-4,,36.56227427,136.6628661,,,(076)234-3800,,,,,,2000020170003,石川県,月火水木金土日,7:00,18:00,10/16〜2/末は、8時〜17時。,日本三名園の一つであり、江戸時代の代表的な林泉廻遊式大名庭園の特徴を残す庭園,可,有,無,有,有,無,有,有,無,有,有,有,無,有,否,無,有,https://www.pref.ishikawa.jp/siro-niwa/kenrokuen/,https://www.pref.ishikawa.lg.jp/johosei/publicfacility_picture.html,CC BY 4.0,園内の飲食店で飲食可能
170003,AA0000000025,石川県,金沢城公園,カナザワジョウコウエン,Kanazawa Castle Park,,1003,,,172014,,石川県金沢市丸の内1番1号,石川県,金沢市,丸の内,1-1,,36.56712,136.65837,,,(076)234-3800,,,,,,2000020170003,石川県,月火水木金土日,7:00,18:00,10/16〜2/末は、8時〜17時。,金沢城の貴重な歴史的文化遺産を後世に継承する、兼六園と並ぶ県都金沢のシンボル公園,可,有,無,有,有,無,有,有,有,有,有,有,有,有,否,無,有,https://www.pref.ishikawa.jp/siro-niwa/kanazawajou/,https://www.pref.ishikawa.lg.jp/johosei/publicfacility_picture.html,CC BY 4.0,園内の飲食店や指定場所で飲食可能
170003,AA0000000026,石川県,鞍月セントラルパーク,クラツキセントラルパーク,Kuratsuki Central Park,,1003,,,172014,,石川県金沢市鞍月1丁目,石川県,金沢市,鞍月1丁目,,,36.59251,136.62479,,,(076)225-1771,,,,,,2000020170003,石川県,月火水木金土日,0:00,23:59,,金沢西部副都心の「緑の拠点」として、県庁移転に伴い平成15年に開設された公園,可,無,無,有,無,有,有,有,無,無,無,無,無,有,可,無,有,https://www.pref.ishikawa.lg.jp/kouen/map/park/kuratuki/index.html,https://www.pref.ishikawa.lg.jp/johosei/publicfacility_picture.html,CC BY 4.0,
170003,AA0000000027,石川県,いしかわ四高記念公園,イシカワシコウキネンコウエン,"The fourth High School Memorial Park, Ishikawa",,1003,,,172014,,石川県金沢市広坂2丁目,石川県,金沢市,広坂,,,36.56323,136.65572,,,(076)231-6859,,,,,,-,植宗・吉村グループ,月火水木金土日,0:00,23:59,,旧制第四高等学校の跡地に整備され、周辺の文化施設や緑地と一体となった四季を通じて賑わいを見せる公園,可,無,無,有,有,有,有,有,無,無,無,無,無,有,可,無,有,https://shikoukinenkouen-sakura.com/,https://www.pref.ishikawa.lg.jp/johosei/publicfacility_picture.html,CC BY 4.0,
170003,AA0000000028,石川県,本多の森公園,ホンダノモリコウエン,Hondanomori Park,,1003,,,172014,,石川県金沢市出羽町,石川県,金沢市,出羽町,,,36.55924,136.66205,,,(076)231-6859,,,,,,-,植宗・吉村グループ,月火水木金土日,0:00,23:59,,藩政期からの豊かな緑でおおわれ、国立工芸館をはじめとする文化施設が多く設置されている公園,可,無,無,有,有,有,有,有,無,無,有,無,無,有,可,無,有,https://shikoukinenkouen-sakura.com/,https://www.pref.ishikawa.lg.jp/johosei/publicfacility_picture.html,CC BY 4.0,
170003,AA0000000029,石川県,健民海浜公園,ケンミンカイヒンコウエン,,健民プール,1003,,,172014,,石川県金沢市普正寺町11字1番1,石川県,金沢市,普正寺町11字,1-1,,36.59353,136.5829,,,(076)267-2266,,,,,,-,T＆A有限責任事業組合,月火水木金土日,0:00,23:59,プールの営業時間は9時〜17時（7、8月のみ）,９種類の多様なプールと自然豊かな海岸林で野鳥や植物の自然観察等が楽しめる県政百周年事業として整備された公園,可,無,無,有,無,有,無,有,無,無,有,有,無,有,可,無,有,http://www.kenminkouen.com/,https://www.pref.ishikawa.lg.jp/johosei/publicfacility_picture.html,CC BY 4.0,
170003,AA0000000030,石川県,奥卯辰山健民公園,オクウタツヤマケンミンコウエン,Oku Utatsuyama Kenmin Park,,1003,,,172014,,石川県金沢市若松町エ85,石川県,金沢市,若松町エ,85,,36.56021,136.69776,,,(076)264-0395,,,,,,4220001013165,株式会社岸グリーンサービス,月火水木金土日,0:00,23:59,,金沢市街地を一望することができる、旧ゴルフ場の芝生を活かした広大な広場が特徴的な公園,可,有,無,有,無,無,有,有,無,有,有,有,有,有,可,無,有,https://kgs-okuutatsu.com,https://www.pref.ishikawa.lg.jp/johosei/publicfacility_picture.html,CC BY 4.0,
170003,AA0000000031,石川県,犀川緑地,サイガワリョクチ,,,1003,,,172014,,石川県金沢市法島町24番999号,石川県,金沢市,法島町,24-999,,36.54309,136.66927,,,(076)243-8564,,,,,,2220001004397,エコ・チーム犀川,月火水木金土日,0:00,23:59,,金沢の街にとけ込む犀川の河川敷内を緑化し、散策やレクリエーションの場として親しまれている公園,可,無,無,有,有,無,無,有,無,無,有,有,無,有,可,無,有,https://ecoteamsai.sakura.ne.jp/,https://www.pref.ishikawa.lg.jp/johosei/publicfacility_picture.html,CC BY 4.0,
170003,AA0000000032,石川県,粟津公園,アワヅコウエン,Awazu Park,,1003,,,172031,,石川県小松市符津町念仏ケ3-1,石川県,小松市,符津町念仏ケ,3-1,,36.35513,136.42045,,,(0761)44-2280,,,,,,7000012050002,駒谷造園株式会社,月火水木金土日,0:00,23:59,,悪天候でもテニス等ができる屋根付き広場を有する等、子供から大人まで、いろいろなスポーツや遊びが楽しめる公園,可,無,無,有,無,有,無,有,無,有,有,有,無,有,可,無,有,https://www3.hp-ez.com/hp/awadukouen-komaya/,https://www.pref.ishikawa.lg.jp/johosei/publicfacility_picture.html,CC BY 4.0,
170003,AA0000000033,石川県,北部公園,ホクブコウエン,Hokubu Park,,1003,,,172014,,石川県金沢市北森本町チ35-1,石川県,金沢市,北森本町チ,35-1,,36.62688575,136.6934933,,,(076)257-2073,,,,,,4220001013165,株式会社岸グリーンサービス,月火水木金土日,0:00,23:59,,東西を流れる森下川を挟み、各種大会などに利用されるスポーツレクリエーションゾーンと緑豊かな休憩ゾーンを有する公園,可,有,無,有,有,無,無,有,無,無,有,無,無,有,可,無,有,https://kgs-hokubupark.com/,https://www.pref.ishikawa.lg.jp/johosei/publicfacility_picture.html,CC BY 4.0,
170003,AA0000000034,石川県,白山ろくテーマパーク,ハクサンロクテーマパーク,Hakusanroku theme park,,1003,,,172103,,石川県白山市河内町吉岡西89,石川県,白山市,河内町吉岡西,89,,36.3807901,136.6130522,,,(076)272-3637,,,,,,4220001013165,株式会社岸グリーンサービス,月火水木金土日,0:00,23:59,,豊かな自然資源と歴史・文化資源に恵まれた白山麓の地域資源を保全し、地域の活性化に資する公園,可,有,無,有,有,無,無,有,無,無,有,有,有,有,可,無,有,https://hakusanpark.com/,,,
170003,AA0000000035,石川県,西部緑地公園,セイブリョクチコウエン,,,1003,,,172014,,石川県金沢市袋畠町南193番地,石川県,金沢市,袋畠町南,193,,36.5765,136.6026,,,(076)268-6685,,,,,,5220005000175,一般財団法人石川県県民ふれあい公社,月火水木金土日,0:00,23:59,,県を代表する各種のスポーツ施設と大型の産業展示館が整備され、年間を通じてスポーツや各種産業の展示などの催物が開催される公園,可,無,無,有,有,無,無,有,無,無,有,無,無,有,可,無,有,https://ishikawa-odekake.jp/westpark/,https://www.pref.ishikawa.lg.jp/johosei/publicfacility_picture.html,CC BY 4.0,
170003,AA0000000036,石川県,手取公園,テドリコウエン,Tedori Park,,1003,,,172103,,石川県白山市平賀町ワ3-3-1,石川県,白山市,平賀町ワ,3-3-1,,36.49728705,136.4939039,,,(076)278-6250,,,,,,6000020172103,白山市,月火水木金土日,0:00,23:59,ウォーターガーデン（プール）の営業時間は9時〜16時30分（7、8月のみ）,手取川と美川海岸の優れた自然景観を利用し、スポーツ・レクリエーションを中心とした各種の施設が設けられた公園,可,無,無,有,有,無,無,有,無,無,有,有,無,有,可,無,有,https://www.city.hakusan.lg.jp/shisetsu/park/1004497.html,https://www.pref.ishikawa.lg.jp/johosei/publicfacility_picture.html,CC BY 4.0,
170003,AA0000000037,石川県,松任海浜公園,マットウカイヒンコウエン,,,1003,,,172103,,石川県白山市相川町2557番地,石川県,白山市,相川町,2557,,36.5406018,136.5347259,,,(076)274-0639,,,,,,6000020172103,白山市,月火水木金土日,0:00,23:59,,誰もが気軽に海辺や自然と親しめる海浜レクリエーション空間として北陸自動車道徳光ＰＡからも利用可能な公園,可,無,無,有,有,無,無,有,無,無,有,有,無,有,可,無,有,https://www.city.hakusan.lg.jp/shisetsu/park/1004534.html,https://www.pref.ishikawa.lg.jp/johosei/publicfacility_picture.html,CC BY 4.0,
170003,AA0000000038,石川県,大野湊緑地公園,オオノミナトリョクチコウエン,,,1003,,,172014,,石川県金沢市金石本町ロ55番地,石川県,金沢市,金石本町ロ,55,,36.35469,136.597472,,,(076)267-7744,,,,,,4220005004524,公益財団法人銭五顕彰会,月火水木金土日,0:00,23:59,,隣接する大野湊神社の社叢林の景観を保全し、園内に加賀百万石の経済を支えた海の豪商である銭屋五兵衛の記念館が設置された公園,可,有,無,有,無,有,無,有,無,有,有,無,有,有,可,無,有,https://www.zenigo.jp/area/,https://www.pref.ishikawa.lg.jp/johosei/publicfacility_picture.html,CC BY 4.0,
170003,AA0000000039,石川県,能登歴史公園(石動山地区),ノトレキシコウエンセキドウザンチク,Noto Rekishi Park （Sekidouzan),,1003,,,174076,,石川県鹿島郡中能登町石動山ラ部1番地2,石川県,鹿島郡中能登町,石動山ラ部,1-2,,36.9620,136.97462,,,(0767)52-5100,,,,,,4000020174076,中能登町,月火水木金土日,0:00,23:59,,石動山の優れた自然環境と文化財の保護を重視しながら、自然と文化財にふれあえる体験学習や憩いの場となる公園,可,有,有,有,無,無,無,有,無,無,有,有,無,無,可,無,有,https://www.town.nakanoto.ishikawa.jp/tourist_navi/kanko_spot/3433.html,https://www.pref.ishikawa.lg.jp/johosei/publicfacility_picture.html,CC BY 4.0,
170003,AA0000000040,石川県,能登歴史公園(国分寺地区),ノトレキシコウエンコクブンジチク,Noto Rekishi Park （Kokubunzi),,1003,,,172022,,石川県七尾市国分町イ部1番地,石川県,七尾市,国分町イ部,1,,37.0235,136.95453,,,(0767)74-2735,,,,,,4000020172022,七尾市,月火水木金土日,0:00,23:59,,七尾鹿島地域に散在する歴史的遺産を保全・活用した広域的な交流拠点、また多様なレクリエーションや防災の拠点となる公園,可,有,無,有,有,有,無,有,無,有,有,有,有,有,可,有,有,https://noto-museum.jp/%e3%80%90-%e8%83%bd%e7%99%bb%e6%ad%b4%e5%8f%b2%e5%85%ac%e5%9c%92%e3%81%ab%e3%81%a4%e3%81%84%e3%81%a6-%e3%80%91/,https://www.pref.ishikawa.lg.jp/johosei/publicfacility_picture.html,CC BY 4.0,
170003,AA0000000041,石川県,木場潟公園,キバガタコウエン,Kibagata Park,,1003,,,172031,,石川県小松市三谷町ら之部58番地,石川県,小松市,三谷町ら之部,58,,36.3670,136.4511,,,(0761)43-3106,,,,,,2220005003420,公益財団法人木場潟公園協会,月火水木金土日,0:00,23:59,,県内で唯一自然のままの姿で残された潟の自然と優れた水郷景観を保全する公園,可,有,無,有,無,有,無,有,無,無,有,有,有,有,可,無,有,http://kibagata.com/,https://www.pref.ishikawa.lg.jp/johosei/publicfacility_picture.html,CC BY 4.0,
170003,AA0000000042,石川県,木場潟公園（東園地）,キバガタコウエン（ヒガシエンチ）,Kibagata Park East Area,,1003,,,172031,,石川県小松市三谷町タ120番,石川県,小松市,三谷町タ,120,,36.36519,136.45365,,,(0761)43-1105,,,,,,4220001013165,株式会社岸グリーンサービス,月火水木金土日,0:00,23:59,,里山を「学び」、「遊び」、「体験」できる「新たな里山再生のモデル」として整備した、木場潟公園にある一つの園地,可,有,無,有,有,有,無,有,無,有,有,有,有,有,可,無,有,http://kibagata-eastpark.com,https://www.pref.ishikawa.lg.jp/johosei/publicfacility_picture.html,CC BY 4.0,
170003,AA0000000043,石川県,石川ハイテク交流センター,イシカワハイテクコウリュウセンター,Ishikawa high-tech conference center,,1306,,,172111,,石川県能美市旭台2丁目1番地,石川県,能美市,旭台2丁目,1番地,,36.44597136,136.5902993,,,(0761)51-0122,,,,,,1220005000195,公益財団法人石川県産業創出支援機構,月火水木金土日,9:00,21:00,祝日、年末年始（12月29日〜1月3日）は休館,学会やセミナー等の多様な形態に対応可能な会議室や交流サロン、宿泊施設を提供,可,有,無,有,有,有,有,有,無,有,有,無,無,無,可,無,有,https://www.isico.or.jp/isp/abouthightech,https://www.pref.ishikawa.lg.jp/johosei/publicfacility_picture.html,CC BY 4.0,
170003,AA0000000044,石川県,金沢港クルーズターミナル,カナザワコウクルーズターミナル,KANAZAWA PORT CRUISE TERMINAL,ひゃくまんごくマリンテラス,0499,,,172014,,石川県金沢市無量寺町リ-65,石川県,金沢市,無量寺町,リ-65,,36.6081259,136.614433,,,(076)225-7030,,,,,,2200-01-002059,KCSコンソーシアム,月火水木金土日,9:00,21:00,金沢港まなび体験ルーム 9:00〜17:00。また、12/29〜1/3は休館日。レストランは10:00〜21:00（月曜は定休日）貸館利用は、予約済でも、クルーズ船が寄港することになった場合は、クルーズ船を優先します。このほかの詳細は、HPの利用案内を確認してください。,クルーズの金沢港のあたらしい海の玄関口となる「金沢港クルーズターミナル」。 クルーズ船の2隻同時接岸時にも対応できるCIQ（税関検査、入出国検査、検疫）・待合エリアが確保され、高い利便性を誇ります。 全面ガラス張りの海側からは日本海を一望でき、夜には美しいライトアップもお楽しみいただけます。 もう一つの役割が「金沢港の賑わい創出」。 ターミナルでは操船シミュレーターがある「まなび体験ルーム」やレストランが備えられており、 クルーズ船のオフシーズンには、CIQエリアや待合エリアをイベント会場や遊び場として利用することができます。,可,有,無,有,有,有,有,有,無,有,有,有,有,有,可,有,有,https://www.kanazawa-cruise.jp/,https://www.pref.ishikawa.lg.jp/johosei/publicfacility_picture.html,CC BY 4.0,
170003,AA0000000045,石川県,石川県産業展示館　１号館,イシカワケンサンギョウテンジカン　イチゴウカン,Ishikawa Prefecture industrial exhibition hall 1,産展　１号館,1017,,,172014,,石川県金沢市袋畠町南193番地,石川県,金沢市,袋畠町南,193番地,,36.57618,136.60322,,,(076)268-1121,,,,,,2000020170003,石川県,月火水木金土日,9:00,17:00,開始時間、終了時間（要相談）　　年末年始休み,展示場の貸館,可,有,無,有,有,無,無,有,無,無,有,無,無,有,可,無,有,https://ishikawa-odekake.jp/westpark/facilities/santen/,https://www.pref.ishikawa.lg.jp/johosei/publicfacility_picture.html,CC BY 4.0,催事によっては飲食、盲導犬等同伴不可の場合あり
170003,AA0000000046,石川県,石川県産業展示館　２号館,イシカワケンサンギョウテンジカン　ニゴウカン,Ishikawa Prefecture industrial exhibition hall 2,産展　２号館,1017,,,172014,,石川県金沢市袋畠町南193番地,石川県,金沢市,袋畠町南,193番地,,36.57528,136.60303,,,(076)268-1121,,,,,,2000020170003,石川県,月火水木金土日,9:00,17:00,開始時間、終了時間（要相談）　　年末年始休み,展示場の貸館,可,有,無,有,有,無,無,有,無,無,有,無,無,有,可,無,有,https://ishikawa-odekake.jp/westpark/facilities/santen/,https://www.pref.ishikawa.lg.jp/johosei/publicfacility_picture.html,CC BY 4.0,催事によっては飲食、盲導犬等同伴不可の場合あり
170003,AA0000000047,石川県,石川県産業展示館　３号館,イシカワケンサンギョウテンジカン　サンゴウカン,Ishikawa Prefecture industrial exhibition hall 3,産展　３号館,1017,,,172014,,石川県金沢市袋畠町南193番地,石川県,金沢市,袋畠町南,193番地,,36.57455,136.60279,,,(076)268-1121,,,,,,2000020170003,石川県,月火水木金土日,9:00,17:00,開始時間、終了時間（要相談）　　年末年始休み,展示場の貸館,可,有,無,有,有,無,無,有,無,無,有,無,無,有,可,無,有,https://ishikawa-odekake.jp/westpark/facilities/santen/,https://www.pref.ishikawa.lg.jp/johosei/publicfacility_picture.html,CC BY 4.0,催事によっては飲食、盲導犬等同伴不可の場合あり
170003,AA0000000048,石川県,石川県産業展示館　４号館,イシカワケンサンギョウテンジカン　ヨンゴウカン,Ishikawa Prefecture industrial exhibition hall 4,産展　４号館,1017,,,172014,,石川県金沢市袋畠町南193番地,石川県,金沢市,袋畠町南,193番地,,36.57283,136.60339,,,(076)268-1121,,,,,,2000020170003,石川県,月火水木金土日,9:00,17:00,開始時間、終了時間（要相談）　　年末年始休み,展示場の貸館,可,有,無,有,有,有,無,有,無,無,有,無,無,有,可,無,有,https://ishikawa-odekake.jp/westpark/facilities/santen/,https://www.pref.ishikawa.lg.jp/johosei/publicfacility_picture.html,CC BY 4.0,催事によっては飲食、盲導犬等同伴不可の場合あり
170003,AA0000000049,石川県,伝統産業工芸館,デントウサンギョウコウゲイカン,Traditional Art & Craft of Ishikawa,いしかわ生活工芸ミュージアム,0801,,,170003,,石川県金沢市兼六町１−１,石川県,金沢市,兼六町,44927,,36.5610328,136.6640983,,,(076)262-2020,,,,,,2000020170003,石川県,月火水木金,9:00,17:00,4月〜11月は毎月第3木曜日、12月〜3月は毎週木曜日（祝日の木曜日を除く）および年末年始は終日利用不可,各種割引料金あり、駐車場無料,可,有,無,有,有,無,無,有,有,有,有,無,無,有,否,無,有,https://www.ishikawa-densankan.jp/,https://www.pref.ishikawa.lg.jp/johosei/publicfacility_picture.html,CC BY 4.0,授乳室はないがご希望に応じて多目的室をご利用いただける
170003,AA0000000050,石川県,石川県立山中漆器産業技術センター,イシカワケンリツヤマナカシッキサンギョウギジュツセンター,ISHIKAWA Prefectural Institute for Yamanaka Lacquerware,,1307,,,172065,,石川県加賀市山中温泉塚谷町イ270番地,石川県,加賀市,山中温泉塚谷町,イ270番地,,36.2560877,136.3719559,,,(0761)78-1696,,,,,,220005004237,公益財団法人山中漆器産業技術センター,月火水木金土日,9:00,17:00,12/29〜1/3は終日利用不可。,講義室等の施設利用、漆器作成設備の利用あり（有料）,可,有,無,有,エレベータ有,有,有,無,無,無,有,有,無,無,否,無,有,http://yamanaka696.org,https://www.pref.ishikawa.lg.jp/johosei/publicfacility_picture.html,CC BY 4.0,
170003,AA0000000051,石川県,石川県立九谷焼技術研修所,イシカワケンリツクタニヤキギジュツケンシュウショ,Isyikawa Prefectural Institute for Kutani Pottery , ,1306,,,172111,,石川県能美市泉台町南2番地,石川県,能美市,泉台町南,2番地,　,36.42892,136.51701,,,(0761)57-3340,,,,,,2000020170003,石川県,月火水木金,8:30,17:15,土、日、祝日、12/29〜1/3は、利用不可,本科（2年制）、研究科（1年制）、実習科（1年制・毎週金曜日）、作品、授業風景見学可,否,無,無,有,無,無,無,無,無,無,有,無,有,有,否,無,無,http://www.pref.ishikawa.lg.jp/kutanike/,https://www.pref.ishikawa.lg.jp/johosei/publicfacility_picture.html,CC BY 4.0,
170003,AA0000000052,石川県,石川県立九谷焼技術者自立支援工房,イシカワケンリツクタニヤキギジュツシャジリツシエンコウボウ,Ishikawa Prefectural Kutaniyaki Technician Independence Support Workshop, ,1306,,,172111,,石川県能美市泉台町南38番地,石川県,能美市,泉台町南,38番地,　,36.42897,136.51783,,,(0761)57-3340,,,,,,2000020170003,石川県,火水木金土日,9:00,17:00,月（休日の場合は翌日）、12/29〜1/3は、利用不可,共同工房、個室工房、作品を展示するギャラリー有り,否,無,無,無,無,無,無,無,無,無,有,無,無,無,否,無,無,http://www.sienkobo-kutani.jp/,https://www.pref.ishikawa.lg.jp/johosei/publicfacility_picture.html,CC BY 4.0,
170003,AA0000000053,石川県,石川県健康の森,イシカワケンケンコウノモリ,kenkou no mori park,健康の森,1099,,,172049,,石川県輪島市三井町中長谷12,石川県,輪島市,三井町,中長谷,12,37.3092211,136.92977,,,(0768)26-1413,,,,,,3220005006827,能登森林組合,月火水木金土日,8:15,17:15,年末年始の12/29から1/3は終日利用不可。,キャンプ場や多目的ホール等の施設有り,可,有,有,有,無,有,無,有,有,有,有,無,無,有,可,無,有,https://ken-mori.com/,https://www.pref.ishikawa.lg.jp/johosei/publicfacility_picture.html,CC BY 4.0,
170003,AA0000000054,石川県,石川県森林公園,イシカワケンシンリンコウエン,Ishikawa　Forest　Park,森林公園,1099,,,173614,,石川県河北郡津幡町字津幡エ14,石川県,津幡町,字津幡,エ14,,36.68864,136.75048,,,(076)288-6449,,,,,,,森林公園地域振興会・金沢森林組合エコグループ,月火水木金土日,9:00,17:00,12/29〜1/3は休み,バーベーキュー、キャンプ、フィールドアスレチック、ボート、テニス、ゴルフ、体験展示施設、見晴台,可,有,無,有,有,無,無,有,無,有,有,無,有,有,可,無,有,  https://www.forestpark-ishikawa.jp,https://www.pref.ishikawa.lg.jp/johosei/publicfacility_picture.html,CC BY 4.0,
170003,AA0000000055,石川県,石川県県民の森,イシカワケンケンミンノモリ,Ishikawa Kenmin no Mori,県民の森,1099,,,172065,,石川県加賀市山中温泉杉水町ル8,石川県,加賀市,山中温泉杉水町,ル8,,36.30,136.31,,,(0761)78-3883,,,,,,4700150049606,県民の森地域振興会,月火水木金土日,9:00,17:00,12/1〜4/28まで休業その他は無休,公園、キャンプ場、宿泊施設あり。,可,無,有,有,有,無,無,有,無,有,有,無,有,有,可,無,可,https://kenminmori.jp/,https://www.pref.ishikawa.lg.jp/johosei/publicfacility_picture.html,CC BY 4.0,
170003,AA0000000056,石川県,のとじま臨海公園・水族館,ノトジマリンカイコウエン・スイゾクカン,Notojima Aquarium,のとじま水族館,0807,,,172022,,石川県七尾市能登島曲町15部40,石川県,七尾市,能登島曲町,15部40,,37.14926929,136.9839388,,,(0767)84-1271,,,,,,5220005000175,一般財団法人石川県県民ふれあい公社,月火水木金土日,9:00,3／20〜11/30 17:00  12/1〜3/19  16:30,12/29〜12/31は休館,ジンベエザメなど能登半島近海に生息・回遊してくる魚を中心に飼育・展示しています。 イルカ・アシカショーをはじめ、ペンギンのお散歩、マダイの音と光のファンタジアなどのイベントが多く、時間が経つのも忘れてしまうくらい。エサやり体験やイルカなどの生きものとのふれあいもできる参加型水族館です。,可,無,無,有,有,無,有,有,有,有,有,有,有,有,可,無,有,https://www.notoaqua.jp/,https://www.pref.ishikawa.lg.jp/johosei/publicfacility_picture.html,CC BY 4.0,
170003,AA0000000057,石川県,いしかわ動物園,イシカワドウブツエン,ISHIKAWA ZOO,いしかわ動物園,0804,,,172111,,石川県能美市徳丸町600,石川県,能美市,徳丸町,600,,36.43348452,136.5459903,,,(0761)51-8500,,,,,,5220005000175,一般財団法人石川県県民ふれあい公社,月水木金土日,9:00,4／1〜10/31　17:00   11/1〜3/31　 16:30,火曜日、12/29〜1/1は休園　春休み及び夏休み期間は休園日なし　2023/5/2及び2024/1/2は開園,約200種2500個体の動物を飼育展示し、中には特別天然記念物のトキ、ライチョウの展示やふれあい体験館ではウサギなどのふれあいを通して動物福祉について学ぶことができます。,可,有,無,有,有,有,有,有,無,無,有,有,有,有,可,有,有,http://www.ishikawazoo.jp,https://www.pref.ishikawa.lg.jp/johosei/publicfacility_picture.html,CC BY 4.0,
170003,AA0000000058,石川県,石川県ふれあい昆虫館,イシカワケンフレアイコンチュウカン,ISHIKAWA INSECT MUSEUM,ふれあい昆虫館,0808,,,172103,,石川県白山市八幡町戌3,石川県,白山市,八幡町戌,3,,36.44427499,136.6322632,,,(076)272-3417,,,,,,5220005000175,一般財団法人石川県県民ふれあい公社,月水木金土日,9:30,4／1〜10/31　17:00   11/1〜3/31　 16:30,火曜日、12/29〜1/1は休園　春休み及び夏休み期間は休園日なし　2023/5/2及び2024/1/2は開園,昆虫とふれあうことで自然の大切さを学ぶことができる施設,可,有,無,有,有,有,無,有,無,無,有,無,有,有,可,無,有,https://www.furekon.jp,https://www.pref.ishikawa.lg.jp/johosei/publicfacility_picture.html,CC BY 4.0,
170003,AA0000000059,石川県,国際交流センター,コクサイコウリュウセンター,ishikawa prefectual international exchange center,IFIE,1399,,,172014,,石川県金沢市本町１丁目５番３号リファーレ３階,石川県,金沢市,本町1丁目,5番3号,リファーレ3階,36.57956,136.66186,,,(076)262-5931,,,,,,220005000181, (公財)石川県国際交流協会,月火水木金土日,9:00,20:00,土曜日、日曜日、祝日は17：00まで。また12/29〜1/3は終日利用不可。,国際交流・国際協力と語学研修並びに国際情報サービスの拠点,可,無,無,有,有,無,無,有,無,有,有,無,有,有,否,無,有,https://ifie.or.jp/japan/facilities/center/home_center.html,https://www.pref.ishikawa.lg.jp/johosei/publicfacility_picture.html,CC BY 4.0,
170003,AA0000000060,石川県,石川県こころの健康センター,イシカワケンココロノケンコウセンター,Ishikawa prefecture mental health center,,1399,,,170003,,石川県金沢市鞍月東２丁目６番地,石川県,金沢市,鞍月東2丁目,6番地,,36.59475144,136.6316737,,,(076)238-5761,,,,,,2000020170003,石川県,月火水木金,8:30,17:15,祝日、12/29〜1/3は利用不可,,可,有,無,無,有,無,無,有,無,有,有,無,無,無,否,無,有,https://www.pref.ishikawa.lg.jp/fukusi/kokoro-home/kokoro/top.html,https://www.pref.ishikawa.lg.jp/johosei/publicfacility_picture.html,CC BY 4.0,
170003,AA0000000061,石川県,石川県立生涯学習センター,イシカワケンリツショウガイガクシュウセンター,Ishikawa Prefectural Lifelong Learning Center,,1511,,,172014,,石川県金沢市石引4丁目17-1石川県本多の森庁舎,石川県,金沢市,石引,4丁目17-1,石川県本多の森庁舎,36.55808362,136.664901,,,(076)223-9571,,,,,,2000020170003,石川県,月火水木金土日,9:00,18:00,12/29~1/3は終日利用不可,講演、講座の開催。視聴覚資料の貸出,可,無,無,有,有,無,無,有,無,無,無,無,無,無,否,無,有,https://www.pref.ishikawa.lg.jp/shakyo-c/,https://www.pref.ishikawa.lg.jp/johosei/publicfacility_picture.html,CC BY 4.0,
170003,AA0000000062,石川県,石川県立白山青年の家,イシカワケンリツハクサンセイネンノイエ,Ishikawa Prefectural Hakusan Youth House,,1599,,,172014,,石川県白山市八幡町戌142,石川県,白山市,八幡町,戌142,,36.4425378,136.632577,,,(076)2723695,,,,,,9220005002663,（一財団法人白山市地域振興公社,火水木金土日,8:30,17:15,12/29〜1/3は利用不可,宿泊研修施設,可,有,無,無,エレベータ有,有,無,無,無,有,有,無,無,無,可,無,有,http://www.hakusanseinen.jp,https://www.pref.ishikawa.lg.jp/johosei/publicfacility_picture.html,CC BY 4.0,
170003,AA0000000063,石川県,石川県立白山ろく少年自然の家,イシカワケンリツハクサンロクショウネンシゼンノイエ,Ishikawa Prefectural hakusanrokusyounennsizennnoie,,1599,,,172014,,石川県白山市瀬戸ワ29番地,石川県,白山市,瀬戸,ワ28番地,,36.2928,136.6427,,,（076）256-7114,,,,,,9220005002663 ,（一財）白山市地域振興公社,火水木金土日,8:30,17:15,月曜休館ではあるが休館日変更有り。12/29〜1/3は利用不可,宿泊研修施設,可,無,無,無,無,無,無,無,無,有,有,無,無,無,否,無,無,http://www.hakusan6.com,https://www.pref.ishikawa.lg.jp/johosei/publicfacility_picture.html,CC BY 4.0,
170003,AA0000000064,石川県,石川県立鹿島少年自然の家,イシカワケンリツカシマショウネンシゼンノイエ,Ishikawa Prefectural Kashimashyounenshizennoie,,1599,,,172014,,石川県鹿島郡中能登町高畠原山分ハ1,石川県,鹿島郡中能登町,高畠原山分,ハ１,,36.92061642,136.8912166,,,（0767）77-2200,,,,,,5220005000175, (一財)石川県県民ふれあい公社,火水木金土日,8:30,17:15,12/29〜1/3は利用不可,宿泊研修施設,可,無,無,有,スロープ有,有,有,無,無,有,無,無,無,無,可,無,有,http://www.ishikawa-shizen.jp/kashima/top.html,https://www.pref.ishikawa.lg.jp/johosei/publicfacility_picture.html,CC BY 4.0,
170003,AA0000000065,石川県,石川県立能登少年自然の家,イシカワケンリツノトショウネンシゼンノイエ,notosyounennshizennnoie,,1599,,,172014,,石川県鳳珠郡能登町字九里川尻16字20番地,石川県,鳳珠郡能登町,九里川尻,16-20,,37.33843336,137.2531816,,,（0768）72-2200,,,,,,5220005000175, (一財)石川県県民ふれあい公社,火水木金土日,8:30,17:15,年末年始(12月29日〜1月3日)は利用不可,宿泊研修施設,可,有,無,有,エスカレータは無,有,有,無,無,無,有,無,無,無,可,無,無,http//www.ishikawa-shizen.jp/noto/top.html,https://www.pref.ishikawa.lg.jp/johosei/publicfacility_picture.html,CC BY 4.0,
170003,AA0000000066,石川県,石川県立自然史資料館,イシカワケンリツシゼンシシリョウカン,Ishikawa Museum of Natural History,,1511,,,172014,,石川県金沢市銚子町リ441,石川県,金沢市,銚子町,リ441,,36.5231,136.70568,,,(076)229-3450,,,,,,2000020170003,特定非営利活動法人石川県自然史センター,月火水木金土日,9:00,17:00,12/29〜1/3は終日利用不可。,自然に関する教育普及活動、体験学習、自然史資料の展示,可,有,無,無,有,無,無,無,無,無,有,無,無,無,否,無,無,https://www.n-muse-ishikawa.or.jp/,https://www.pref.ishikawa.lg.jp/johosei/publicfacility_picture.html,CC BY 4.0,
170003,AA0000000067,石川県,公益財団法人石川県埋蔵文化財センター,コウエキザイダンホウジンイシカワケンマイゾウブンカザイセンター,Ishikawa Archaeological Foundation,,1599,,,172014,,石川県金沢市中戸町18番地1,石川県,金沢市,中戸町,18番地1,,36.50936,136.68955,,,(076)229-4477,,,,,,1220005000212,公益財団法人石川県埋蔵文化財センター,月火水木金土日,9:00,17:00,12/29〜1/3は終日利用不可。,展示室の見学、体験工房での古代体験は無料。,可,有,無,有,有,無,無,有,無,無,有,無,有,有,可,無,有,https://www.ishikawa-maibun.jp,https://www.pref.ishikawa.lg.jp/johosei/publicfacility_picture.html,CC BY 4.0,
170003,AA0000000068,石川県, 輪島エコロジーキャンプ場,ワジマエコロジーキャンプジョウ,Wajima ecology camp site,,1152,,,170003,,石川県輪島市赤崎町へ部３３  輪島エコロジーキャンプ場,石川県,輪島市,赤崎町,へ部33,,37.38490255,136.8168,,,(0768)36-2065,,,,,,1220001016476,株式会社　上田組,月火水木金土日,0:00,23:59,4/1〜10/31,,可,無,無,有,有,無,無,有,無,有,無,無,無,有,可,無,有,http://wajimaekocampsuite.cocolog-nifty.com/,,,
170003,AA0000000069,石川県, 室堂センター、くろゆり荘、こざくら荘、御前荘、白山荘,ムロドウセンター、クロユリソウ、コザクラソウ、ゴゼンソウ、ハクサンソウ,"Murodou visitor center,mountain cottage",,2314,,,170003,,石川県白山市白峰白山室堂平  室堂センター、くろゆり荘、こざくら荘、御前荘、白山荘,石川県,白山市,白峰,白山室堂平,,36.1491,136.7678,,,(076)273-1001,,,,,,6220005000158,一般財団法人　白山観光協会,月火水木金土日,0:00,23:59,開館期間5/1〜10/15,,否,無,無,無,無,無,無,無,無,有,無,無,無,無,可,無,無,https://hakusan-guide.or.jp,,,
170003,AA0000000070,石川県, 南竜ヶ馬場ﾋﾞｼﾞﾀｰｾﾝﾀｰ、野営場、山荘、ｹﾋﾞﾝ,ミナミリュウガバンバビジターセンター、ヤエイジョウ、ナンリュウサンソウ、ケビン,"Nannryuu visitor center,mountain cottage",,1152,,,170003,,石川県白山市白峰南竜ヶ馬場  南竜ヶ馬場ﾋﾞｼﾞﾀｰｾﾝﾀｰ、野営場、山荘、ｹﾋﾞﾝ,石川県,白山市,白峰,南竜ヶ馬場,,36.1413,136.7727,,,(076)259-2022,,,,,,9220005002663,一般財団法人　白山市地域振興公社,月火水木金土日,0:00,23:59,開館期間5/1〜10/15,,可,無,無,無,無,無,無,無,無,無,無,無,無,無,可,無,有,https://city-hakusan.com/hakusan/naryusanso/,,,
170003,AA0000000071,石川県, 白山国立公園センター_,ハクサンコクリツコウエンセンター,Hakusann national park visitor center,,0205,,,170003,,石川県白山市白峰ツ?57乙  白山国立公園センター_,石川県,白山市,白峰,ツ?57乙,,36.1664,136.6382,,,(076)259-2320,,,,,,2220005003255,特定非営利活動法人　白峰まちづくり協議会,月火水金土日,9:00,17:00,木、年末年始休館,,可,無,無,有,有,無,無,無,有,有,無,無,無,無,否,無,有,https://city-hakusan.com/hakusan/hakusan_national_park_center-2/,,,
170003,AA0000000072,石川県, 中宮温泉野営場,チュウグウオンセンヤエイジョウ,Tyuuguuonnsenn camp site,,1152,,,170003,,石川県白山市中宮3  中宮温泉野営場,石川県,白山市,中宮,3,,36.2591,136.7503,,,(076)272-1116,,,,,,9220005002663,一般財団法人　白山市地域振興公社,月火水金土日,0:00,23:59,開館期間6/1〜11/10,,可,無,無,無,無,無,無,無,無,無,無,無,無,無,可,無,有,https://city-hakusan.com/hakusan/chugu_camp/,,,
170003,AA0000000073,石川県, 市ノ瀬野営場,イチノセヤエイジョウ,Ichinose camp site,,1152,,,170003,,石川県白山市白峰35-1  市ノ瀬野営場,石川県,白山市,白峰,35-1,,36.1147,136.6997001,,,(076)259-2121,,,,,,9220005002663,一般財団法人　白山市地域振興公社,月火水木金土日,8:45,17:00,開館期間5/1〜11/6,,可,無,無,無,無,無,無,無,無,無,無,無,無,無,可,無,有,https://city-hakusan.com/hakusan/ichinose_camp/,,,
170003,AA0000000074,石川県, 能登千里浜休暇村野営場,ノトチリハマキュウカムラヤエイジョウ,Noto chirihama camp site,,1152,,,170003,,石川県羽咋市羽咋町オ７０  能登千里浜休暇村野営場,石川県,羽咋市,羽咋町,オ70,,36.9116,136.7762,,,(0767)22-4121,,,,,,2010505002109,一般財団法人　休暇村協会,月火水木金土日,0:00,23:59,4/1〜10/31,,,,,,,,,,,,,,,,,,,https://www.qkamura.or.jp/noto/camp/,,,
170003,AA0000000075,石川県, 木ノ浦健民休暇村野営場,キノウラケンミンキュウカムラヤエイジョウ,Kinoura kennminn kyuukamura camp site,,1152,,,170003,,石川県珠洲市折戸町  木ノ浦健民休暇村野営場,石川県,珠洲市,折戸町,,,37.5278,137.2611,,,(0768)86-2204,,,,,,2000020172057,珠洲市,月火水木金土日,0:00,23:59,7/1〜8/31,,否,無,無,有,無,無,無,有,無,無,無,無,無,無,可,無,有,https://www.city.suzu.lg.jp/site/kankou/1827.html,,,
170003,AA0000000076,石川県, のと海洋ふれあいセンター,ノトカイヨウフレアイセンター,noto marine center,,0808,,,170003,,石川県能登町越坂3-47  のと海洋ふれあいセンター,石川県,能登町,越坂,3-47,,37.3048,137.2410,,,(0768)74-1919,,,,,,5220005000175,一般財団法人　石川県県民ふれあい公社,火水木金土日,9:00,17:00,月、年末年始休館,,可,有,無,有,スロープ有,有,有,無,無,有,有,無,有,有,否,有,有,http://notomarine.jp/,,,
170003,AA0000000077,石川県, 片野鴨池健民自然園,カタノカモイケケンミンシゼンエン,Katano kamoike kennminn nature garden,,1002,,,170003,,石川県加賀市  片野鴨池健民自然園,石川県,加賀市,,,,36.3218,136.2945,,,(0761)72-2200,,,,,,2000020172065,加賀市,月火水木金土日,0:00,23:59,,,否,無,無,無,無,無,無,無,無,無,無,無,無,無,否,無,無,,,,
170003,AA0000000078,石川県, 夕日寺健民自然園,ユウヒデラケンミンシゼンエン,Yuuhidera kennminn nature garden,,1002,,,170003,,石川県金沢市夕日寺町ハ116  夕日寺健民自然園,石川県,金沢市,夕日寺町,ハ116,,36.5723,136.7078,,,(076)251-7554,,,,,,1220005002464,公益社団法人　いしかわ環境パートナーシップ県民会議,月水木金土日,9:00,17:00,火、年末年始休館,,可,無,無,有,スロープ有,無,無,有,無,無,無,無,無,無,可,無,有,https://www.yuhidera.jp/,,,
170003,AA0000000079,石川県, 中宮展示館展示室,チュウグウテンジカンテンジシツ,Tyuuguu exhibition hall,,0205,,,170003,,石川県白山市中宮オ9  中宮展示館展示室,石川県,白山市,中宮,オ9,,36.2632,136.7602,,,(076)256-7111,,,,,,2000020170003,石川県,月火水木金土日,9:00,16:30,開館期間5/1〜11月上旬,,可,無,無,有,スロープ有,有,有,無,有,有,有,無,有,有,否,無,有,https://www.pref.ishikawa.lg.jp/hakusan/chuuguu/,,,
170003,AA0000000080,石川県, 医王山ビジターセンター,イオウゼンビジターセンター,Iouzen visitor center,,0205,,,170003,,石川県金沢市奥新保町  医王山ビジターセンター,石川県,金沢市奥新保町,,,,36.5493,136.7962,,,(076)236-1165,,,,,,2000020170003,石川県,火水木金土日,9:00,15:00,開館期間5/1〜11/30,,可,無,無,無,無,無,無,無,無,有,無,無,無,無,否,無,有,https://www.pref.ishikawa.lg.jp/sizen/sizenkouen/iouzen_jouhou.html,,,
170003,AA0000000081,石川県,石川県消費生活支援センター,ショウヒセイカツシエンセンター,consumer center,,1399,,,172014,,石川県金沢市幸町12-1石川県幸町庁舎3階,石川県,金沢市,幸町,‘12ｰ1,石川県幸町庁舎,36.55547256,136.6578768,,,(076)255-2120,,,,,,2000020170003,石川県,月火水木金土,9:00,17:00,土曜日 9時から12時30分。また日曜、祝日、年末年始は終日利用不可。,消費生活相談、消費者教育、商品テスト,可,有,無,無,有,有,無,無,無,無,有,無,無,無,否,無,無,https://www.pref.ishikawa.lg.jp/shohicenter/,https://www.pref.ishikawa.lg.jp/johosei/publicfacility_picture.html,CC BY 4.0,
170003,AA0000000082,石川県,石川県青少年総合研修センター,イシカワケンセイショウネンソウゴウケンシュウセンター,Ishikawa Youth Training Cente,ユースパルいしかわ,1514,,,172014,, 石川県金沢市常盤町212-1,石川県,金沢市,常盤町,212-1,,36.56567548,136.6763111,,,(076)252-0666,,,,,,220001011236,株式会社アイ・イー・パートナーズ,月火水木金土日,9:00,22:00,年末年始(12/29〜1/3)は休館日,,可,可,無,有,有,有,無,無,無,無,有,無,有,有,可,無,有,http://www.ishikawa-seisoken.jp/,https://www.pref.ishikawa.lg.jp/johosei/publicfacility_picture.html,CC BY 4.0,
170003,AA0000000083,石川県,石川県母子・父子福祉センター,イシカワケンボシ・フシフクシセンター,Ishikawa mother and child father and child welfare center,母子・父子福祉センター,1499,,,170003,,石川県金沢市三社町１番４４号,石川県,金沢市,三社町,1番44号,石川県女性センター5階,36.5709808,136.6457627,,,(076)264-0503,,,,,,2220005000211,公益財団法人石川県母子寡婦連合会,月火水木金日,8:30,17:00,第３日曜日、祝日、年末年始(12/29〜1/3)は利用不可,ひとり親家庭や寡婦に対して、無料又は低額な料金で各種の相談に応ずるとともに生活指導を行う等、ひとり親家庭や寡婦の福祉のための便宜を総合的に供与することを目的とする施設,可,有,無,有,有,有,無,有,無,有,有,有,有,有,可,無,可,http://www.spacelan.ne.jp/~kenboren/index.html,https://www.pref.ishikawa.lg.jp/johosei/publicfacility_picture.html,CC BY 4.0,※オストメイト対応トイレ、授乳室、おむつ替えコーナーは女性センター内に有り
,,,,,,,,,,,,,,,,,,,,,,,,,,,,,,,,,,,,,,,,,,,,,,,,,,,,,,,
,,,,,,,,,,,,,,,,,,,,,,,,,,,,,,,,,,,,,,,,,,,,,,,,,,,,,,,
,,,,,,,,,,,,,,,,,,,,,,,,,,,,,,,,,,,,,,,,,,,,,,,,,,,,,,,
,,,,,,,,,,,,,,,,,,,,,,,,,,,,,,,,,,,,,,,,,,,,,,,,,,,,,,,
